day,kappa_expiry,value_expiry,kappa_decay,value_decay
0.00,0.04025,0.79875,0.06122,0.69390
0.25,0.04045,0.79776,0.06122,0.69390
0.50,0.04065,0.79675,0.06122,0.69390
0.75,0.04085,0.79574,0.06122,0.69390
1.00,0.04106,0.79471,0.06122,0.69390
1.25,0.04127,0.79367,0.06122,0.69390
1.50,0.04148,0.79262,0.06122,0.69390
1.75,0.04169,0.79157,0.06122,0.69390
2.00,0.04190,0.79050,0.06122,0.69390
2.25,0.04212,0.78941,0.06122,0.69390
2.50,0.04234,0.78832,0.06122,0.69390
2.75,0.04256,0.78722,0.06122,0.69390
3.00,0.04278,0.78610,0.06122,0.69390
3.25,0.04301,0.78497,0.06122,0.69390
3.50,0.04323,0.78383,0.06122,0.69390
3.75,0.04346,0.78268,0.06122,0.69390
4.00,0.04370,0.78151,0.06122,0.69390
4.25,0.04393,0.78033,0.06122,0.69390
4.50,0.04417,0.77914,0.06122,0.69390
4.75,0.04441,0.77794,0.06122,0.69390
5.00,0.04466,0.77672,0.06122,0.69390
5.25,0.04490,0.77549,0.06122,0.69390
5.50,0.04515,0.77424,0.06122,0.69390
5.75,0.04540,0.77298,0.06122,0.69390
6.00,0.04566,0.77171,0.06122,0.69390
6.25,0.04592,0.77042,0.06122,0.69390
6.50,0.04618,0.76911,0.06122,0.69390
6.75,0.04644,0.76779,0.06122,0.69390
7.00,0.04671,0.76646,0.06122,0.69390
7.25,0.04698,0.76511,0.06122,0.69390
7.50,0.04725,0.76374,0.06122,0.69390
7.75,0.04753,0.76236,0.06122,0.69390
8.00,0.04781,0.76096,0.06122,0.69390
8.25,0.04809,0.75955,0.06122,0.69390
8.50,0.04838,0.75811,0.06122,0.69390
8.75,0.04867,0.75666,0.06122,0.69390
9.00,0.04896,0.75519,0.06122,0.69390
9.25,0.04926,0.75371,0.06122,0.69390
9.50,0.04956,0.75220,0.06122,0.69390
9.75,0.04986,0.75068,0.06122,0.69390
10.00,0.05017,0.74913,0.06122,0.69390
10.25,0.05049,0.74757,0.06122,0.69390
10.50,0.05080,0.74599,0.06122,0.69390
10.75,0.05112,0.74439,0.06122,0.69390
11.00,0.05145,0.74276,0.06122,0.69390
11.25,0.05178,0.74112,0.06122,0.69390
11.50,0.05211,0.73945,0.06122,0.69390
11.75,0.05245,0.73776,0.06122,0.69390
12.00,0.05279,0.73605,0.06122,0.69390
12.25,0.05314,0.73432,0.06122,0.69390
12.50,0.05349,0.73256,0.06122,0.69390
12.75,0.05384,0.73078,0.06122,0.69390
13.00,0.05420,0.72898,0.06122,0.69390
13.25,0.05457,0.72715,0.06122,0.69390
13.50,0.05494,0.72530,0.06122,0.69390
13.75,0.05532,0.72342,0.06122,0.69390
14.00,0.05570,0.72151,0.06122,0.69390
14.25,0.05608,0.71958,0.06122,0.69390
14.50,0.05648,0.71762,0.06122,0.69390
14.75,0.05687,0.71563,0.06122,0.69390
15.00,0.05728,0.71362,0.06122,0.69390
15.25,0.05769,0.71157,0.06122,0.69390
15.50,0.05810,0.70949,0.06122,0.69390
15.75,0.05852,0.70739,0.06122,0.69390
16.00,0.05895,0.70525,0.06122,0.69390
16.25,0.05938,0.70308,0.06122,0.69390
16.50,0.05982,0.70088,0.06122,0.69390
16.75,0.06027,0.69865,0.06122,0.69390
17.00,0.06072,0.69638,0.06122,0.69390
17.25,0.06118,0.69408,0.06122,0.69390
17.50,0.06165,0.69174,0.06122,0.69390
17.75,0.06213,0.68936,0.06122,0.69390
18.00,0.06261,0.68695,0.06122,0.69390
18.25,0.06310,0.68450,0.06122,0.69390
18.50,0.06360,0.68201,0.06122,0.69390
18.75,0.06410,0.67948,0.06122,0.69390
19.00,0.06462,0.67691,0.06122,0.69390
19.25,0.06514,0.67430,0.06122,0.69390
19.50,0.06567,0.67164,0.06122,0.69390
19.75,0.06621,0.66894,0.06122,0.69390
20.00,0.06676,0.66620,0.06122,0.69390
20.25,0.06732,0.66341,0.06122,0.69390
20.50,0.06789,0.66057,0.06122,0.69390
20.75,0.06846,0.65768,0.06122,0.69390
21.00,0.06905,0.65475,0.06122,0.69390
21.25,0.06965,0.65176,0.06122,0.69390
21.50,0.07026,0.64872,0.06122,0.69390
21.75,0.07087,0.64563,0.06122,0.69390
22.00,0.07150,0.64248,0.06122,0.69390
22.25,0.07215,0.63927,0.06122,0.69390
22.50,0.07280,0.63600,0.06122,0.69390
22.75,0.07346,0.63268,0.06122,0.69390
23.00,0.07414,0.62929,0.06122,0.69390
23.25,0.07483,0.62584,0.06122,0.69390
23.50,0.07553,0.62233,0.06122,0.69390
23.75,0.07625,0.61874,0.06122,0.69390
24.00,0.07698,0.61509,0.06122,0.69390
24.25,0.07773,0.61137,0.06122,0.69390
24.50,0.07849,0.60757,0.06122,0.69390
24.75,0.07926,0.60370,0.06122,0.69390
25.00,0.08005,0.59975,0.06122,0.69390
25.25,0.08086,0.59572,0.06122,0.69390
25.50,0.08168,0.59161,0.06122,0.69390
25.75,0.08252,0.58742,0.06122,0.69390
26.00,0.08337,0.58313,0.06122,0.69390
26.25,0.08425,0.57876,0.06122,0.69390
26.50,0.08514,0.57429,0.06122,0.69390
26.75,0.08605,0.56973,0.06122,0.69390
27.00,0.08699,0.56506,0.06122,0.69390
27.25,0.08794,0.56030,0.06122,0.69390
27.50,0.08891,0.55543,0.06122,0.69390
27.75,0.08991,0.55044,0.06122,0.69390
28.00,0.09093,0.54535,0.06122,0.69390
28.25,0.09197,0.54014,0.06122,0.69390
28.50,0.09304,0.53480,0.06122,0.69390
28.75,0.09413,0.52935,0.06122,0.69390
29.00,0.09525,0.52376,0.06122,0.69390
29.25,0.09639,0.51803,0.06122,0.69390
29.50,0.09757,0.51217,0.06122,0.69390
29.75,0.09877,0.50616,0.06122,0.69390
30.00,0.10000,0.50000,0.06122,0.69390
