m,share_above,crisis_bn
100,0.8215,35.0
150,0.7594,51.6
200,0.7090,67.7
250,0.6668,83.4
300,0.6307,98.6
350,0.5992,113.5
400,0.5714,128.0
450,0.5465,142.2
500,0.5242,156.1
550,0.5038,169.6
600,0.4853,183.0
650,0.4682,196.0
700,0.4525,208.8
750,0.4379,221.4
800,0.4244,233.8
850,0.4117,246.0
900,0.3999,258.0
950,0.3888,269.7
1000,0.3783,281.3
1050,0.3684,292.8
1100,0.3591,304.0
1150,0.3502,315.1
1200,0.3418,326.1
1250,0.3339,336.9
1300,0.3263,347.5
1350,0.3190,358.0
1400,0.3121,368.4
1450,0.3055,378.7
1500,0.2992,388.8
1550,0.2931,398.8
1600,0.2873,408.7
1650,0.2817,418.4
1700,0.2764,428.1
1750,0.2712,437.6
1800,0.2662,447.1
1850,0.2614,456.4
1900,0.2568,465.7
1950,0.2524,474.8
2000,0.2481,483.9
2050,0.2439,492.8
2100,0.2399,501.7
2150,0.2360,510.5
2200,0.2322,519.1
2250,0.2286,527.7
2300,0.2250,536.3
2350,0.2216,544.7
2400,0.2183,553.1
2450,0.2150,561.4
2500,0.2119,569.6
2550,0.2088,577.7
2600,0.2059,585.8
2650,0.2030,593.8
2700,0.2002,601.7
2750,0.1974,609.6
2800,0.1948,617.4
2850,0.1922,625.1
2900,0.1896,632.7
2950,0.1872,640.3
3000,0.1848,647.9
3200,0.1757,677.5
3400,0.1675,706.1
3600,0.1599,733.9
3800,0.1530,761.0
4000,0.1466,787.3
4200,0.1407,812.9
4400,0.1352,837.8
4600,0.1301,862.2
4800,0.1254,885.9
5000,0.1209,909.1
5200,0.1167,931.7
5400,0.1128,953.9
5600,0.1091,975.6
5800,0.1057,996.8
6000,0.1024,1017.5
6200,0.0993,1037.9
6400,0.0964,1057.8
6600,0.0936,1077.4
6800,0.0910,1096.6
7000,0.0884,1115.4
7200,0.0861,1133.9
7400,0.0838,1152.0
7600,0.0816,1169.9
7800,0.0795,1187.4
8000,0.0775,1204.6
8200,0.0756,1221.6
8400,0.0738,1238.2
8600,0.0721,1254.6
8800,0.0704,1270.8
9000,0.0688,1286.7
9200,0.0673,1302.3
9400,0.0658,1317.7
9600,0.0644,1332.9
9800,0.0630,1347.8
10000,0.0617,1362.6
